{"cameraMode":{"drawMode":0,"name":"Shaded","section":"Shading Mode"},"sceneLighting":true,"audioPlay":false,"sceneViewState":{"showFog":true,"showMaterialUpdate":false,"showSkybox":true,"showFlares":true,"showImageEffects":true,"showParticleSystems":true},"in2DMode":false,"pivot":{"x":66.91999816894531,"y":6.198967933654785,"z":73.91596984863281},"rotation":{"x":-0.12433315068483353,"y":-0.38440415263175967,"z":0.05233577638864517,"w":-0.9132653474807739},"size":3.988579511642456,"orthographic":false}